"Medicine Name","MRP (INR)","Unit Size","Group"
"Paracetamol","10.00","Tab 650 mg (10s strip)","ANALGESIC/ANTIPYRETIC "
"Metformin","15.00","Tab 500 mg (10s strip)","ANTI-DIABETIC "
"Atorvastatin","18.00","Tab 10 mg (10s strip)","LIPID-LOWERING AGENT "
"Amlodipine","12.00","Tab 5 mg (10s strip)","ANTI-HYPERTENSIVE "
"Azithromycin","25.00","Tab 500 mg (3s strip)","ANTIBACTERIALS "
"Amoxycillin + Clavulanic Acid","95.00","Dry Syrup [500mg+125mg] (Bottle)","ANTIBACTERIALS "
"Esomeprazole","16.00","Tab 40 mg (10s strip)","ANTI-ULCER/PPI "
"Omeprazole","10.00","Cap 20 mg (10s strip)","ANTI-ULCER/PPI "
"Cefixime","40.00","Tab 100 mg (10s strip)","ANTIBACTERIALS "
"Diclopin MR (Diclofenac)","20.00","Tab 250mg/50mg/325mg (10s strip)","MUSCLE RELAXANT/ANALGESIC "
"Skin, Nail & Hair Support","532.50","Softgel Cap (10s strip)","Nutritional Support / Dermatology [4]"
"Long Vision","560.00","Softgel Cap (10s strip)","Nutritional Support / Ophthalmic Wellness [4]"
"Smarty Man","560.00","Softgel Cap (10s strip)","Nutritional Support / Vitality [4]"
"Smarty Woman 50+","612.50","Softgel Cap (10s strip)","Nutritional Support / Geriatric Wellness [4]"
"Davalon Liquid","28.00","100ml Container","Personal Care / Antiseptic [4]"
"Ibuprofen","12.00","Tab 400 mg (10s strip)","ANALGESIC/NSAID "
"Glimepiride","18.00","Tab 1 mg (10s strip)","ANTI-DIABETIC "
"Lignocaine HCl","5.00","Injection I.P 1% (2ml Ampoule)","ANAESTHETICS "
"Alprazolam","10.00","Tab I.P 0.25 mg (10s strip)","PREANAESTHETIC/ANXIOLYTIC "
"Amitriptyline","15.00","Tab I.P 10 mg (10s strip)","ANTIDEPRESSANTS "
"Tramadol","35.00","Tab 50 mg (10s strip)","OPIOID ANALGESICS "
"Methotrexate","45.00","Tab 7.5 mg (10s strip)","DMARDs "
"Allopurinol","15.00","Tab I.P 100 mg (10s strip)","DRUGS FOR GOUT "
"Colchicine","30.00","Tab 0.5 mg (10s strip)","DRUGS FOR GOUT "
"Hydroxychloroquine","30.00","Tab 100 mg (10s strip)","DMARDs "
"Diazepam","11.00","Tab I.P 5 mg (10s strip)","ANTIEPILEPTICS "
"Phenytoin","14.00","Tab I.P 50 mg (10s strip)","ANTIEPILEPTICS "
"Levetiracetam","80.00","Tab 250 mg (10s strip)","ANTIEPILEPTICS "
"Gabapentin","55.00","Cap 300mg (10s strip)","ANTIEPILEPTICS "
"Mebendazole","5.00","Tab I.P 100 mg (Single Dose)","ANTIHELMINTHIC AGENTS "
"Ivermectin","10.00","Tab 12 mg (Single Dose)","ANTIFILARIALS "
"Azathioprine","70.00","Tab 25 mg (10s strip)","DMARDs "
"Loratadine","8.00","Tab 5mg (10s strip)","ANTIALLERGICS "
"Febuxostat","90.00","Tab 40 mg (10s strip)","DRUGS FOR GOUT "
"Acarbose","75.00","Tab 25mg (10s strip)","ANTI-DIABETIC "
"Ondansetron","15.00","Tab 4 mg (10s strip)","ANTIEMETIC"
"Domperidone","10.00","Tab 10 mg (10s strip)","GASTROKINETIC"
"Ranitidine","8.00","Tab 150 mg (10s strip)","H2 BLOCKER"
"Furosemide","10.00","Tab 40 mg (10s strip)","DIURETIC"
"Hydrochlorothiazide","5.00","Tab 12.5 mg (10s strip)","DIURETIC"
"Sertraline","25.00","Tab 50 mg (10s strip)","ANTIDEPRESSANTS"
"Fluoxetine","15.00","Cap 20 mg (10s strip)","ANTIDEPRESSANTS"
"Ciprofloxacin","20.00","Tab 500 mg (10s strip)","ANTIBACTERIALS"
"Ofloxacin","22.00","Tab 200 mg (10s strip)","ANTIBACTERIALS"
"Diclofenac","10.00","Tab 50 mg (10s strip)","NSAID/ANALGESIC "
"Cetirizine","5.00","Tab 10 mg (10s strip)","ANTIHISTAMINE"
"Montelukast","30.00","Tab 10 mg (10s strip)","ANTI-ASTHMATIC"
"Salbutamol","12.00","Tab 2 mg (10s strip)","BRONCHODILATOR"
"Beclomethasone","50.00","Inhaler 50mcg/puff (200D)","ANTI-ASTHMATIC"
"Lisinopril","15.00","Tab 5 mg (10s strip)","ANTI-HYPERTENSIVE"
"Losartan","18.00","Tab 50 mg (10s strip)","ANTI-HYPERTENSIVE"
"Simvastatin","25.00","Tab 20 mg (10s strip)","LIPID-LOWERING AGENT"
"Warfarin","10.00","Tab 5 mg (10s strip)","ANTICOAGULANT"
"Clopidogrel","30.00","Tab 75 mg (10s strip)","ANTIPLATELET"
"Propranolol","8.00","Tab 40 mg (10s strip)","BETA-BLOCKER"
"Atenolol","10.00","Tab 50 mg (10s strip)","BETA-BLOCKER"
"Enalapril","7.00","Tab 5 mg (10s strip)","ANTI-HYPERTENSIVE"
"Insulin NPH","250.00","Injection (10ml Vial)","ANTI-DIABETIC"
"Gliclazide","18.00","Tab 80 mg (10s strip)","ANTI-DIABETIC"
"Pioglitazone","20.00","Tab 15 mg (10s strip)","ANTI-DIABETIC"
"Prednisolone","5.00","Tab 5 mg (10s strip)","STEROID"
"Dexamethasone","4.00","Tab 0.5 mg (10s strip)","STEROID"
"Thyroxine","10.00","Tab 50 mcg (10s strip)","THYROID HORMONE"
"Levofloxacin","35.00","Tab 500 mg (5s strip)","ANTIBACTERIALS"
"Doxycycline","15.00","Cap 100 mg (10s strip)","ANTIBACTERIALS"
"Fluconazole","30.00","Cap 150 mg (Single Dose)","ANTIFUNGAL"
"Griseofulvin","25.00","Tab 250 mg (10s strip)","ANTIFUNGAL"
"Hydroxyzine","10.00","Tab 25 mg (10s strip)","ANTIHISTAMINE/ANXIOLYTIC"
"Haloperidol","8.00","Tab 5 mg (10s strip)","ANTIPSYCHOTIC"
"Risperidone","20.00","Tab 2 mg (10s strip)","ANTIPSYCHOTIC"
"Lithium Carbonate","30.00","Tab 300 mg (10s strip)","ANTIMANIC"
"Valproic Acid","45.00","Tab 200 mg (10s strip)","ANTIEPILEPTIC"
"Baclofen","20.00","Tab 10 mg (10s strip)","MUSCLE RELAXANT"
"Orphenadrine","15.00","Tab 100 mg (10s strip)","MUSCLE RELAXANT"
"Sildenafil","50.00","Tab 50 mg (4s strip)","E.D. AGENT"
"Tadalafil","60.00","Tab 10 mg (4s strip)","E.D. AGENT"
"Calcium Carbonate + Vit D3","40.00","Tab (15s strip)","NUTRITIONAL SUPPLEMENT"
"Multivitamin + Multimineral","35.00","Cap (10s strip)","NUTRITIONAL SUPPLEMENT"
"Iron Folic Acid","15.00","Tab (10s strip)","NUTRITIONAL SUPPLEMENT"
"Vitamin B Complex","20.00","Tab (10s strip)","NUTRITIONAL SUPPLEMENT"
"Vitamin C","10.00","Chewable Tab 500 mg (10s strip)","NUTRITIONAL SUPPLEMENT"
"Zinc Sulfate","15.00","Tab 20 mg (10s strip)","NUTRITIONAL SUPPLEMENT"
"Potassium Chloride","25.00","Tab 600 mg (10s strip)","ELECTROLYTE"
"Magnesium Hydroxide + Simethicone","45.00","Suspension (170ML Mint)","ANTACID/ANTIFLATULENT "
"Aluminium Hydroxide + Magnesium Hydroxide","35.00","Suspension (170ML Mint)","ANTACID "
"Loperamide","10.00","Cap 2 mg (10s strip)","ANTI-DIARRHOEAL"
"Bisacodyl","5.00","Tab 5 mg (10s strip)","LAXATIVE"
"Lactulose","120.00","Syrup (100ml Bottle)","LAXATIVE"
"All-Purpose Aloe Vera Gel","65.00","Gel (100gm Tube)","PERSONAL CARE "
"Ashwagandha","40.00","Tablet (10s strip)","AYURVEDIC/HERBAL "
"Clove Oil","70.00","Oil (15ml Bottle)","AYURVEDIC/HERBAL "
"Lavender Oil","90.00","Oil (15ml Bottle)","AYURVEDIC/HERBAL "
"Povidone Iodine","50.00","Solution 10% (100ml Bottle)","ANTISEPTIC"
"Chlorhexidine","40.00","Mouthwash (100ml Bottle)","ORAL CARE"
"Potassium Nitrate","75.00","Toothpaste (50gm Tube)","ORAL CARE"
"Hydrogen Peroxide","20.00","Solution 3% (100ml Bottle)","FIRST AID"
"Amoxicillin","25.00","Cap 250 mg (10s strip)","ANTIBACTERIALS "
"Ceftriaxone","150.00","Injection 1gm (Single Vial)","ANTIBACTERIALS"
"Vancomycin","450.00","Injection 500 mg (Single Vial)","ANTIBACTERIALS"
"Linezolid","250.00","Tab 600 mg (10s strip)","ANTIBACTERIALS"
"Clindamycin","40.00","Cap 300 mg (10s strip)","ANTIBACTERIALS"
"Metronidazole","10.00","Tab 400 mg (10s strip)","ANTIBACTERIALS"
"Tinidazole","15.00","Tab 500 mg (4s strip)","ANTIBACTERIALS"
"Primaquine","10.00","Tab 7.5 mg (10s strip)","ANTIMALARIAL"
"Chloroquine","5.00","Tab 250 mg (10s strip)","ANTIMALARIAL"
"Artesunate","120.00","Injection 60 mg (Single Vial)","ANTIMALARIAL"
"Dapsone","10.00","Tab 100 mg (10s strip)","ANTILEPROTIC"
"Isoniazid","5.00","Tab 100 mg (10s strip)","ANTI-TUBERCULAR"
"Rifampicin","30.00","Cap 450 mg (10s strip)","ANTI-TUBERCULAR"
"Ethambutol","20.00","Tab 400 mg (10s strip)","ANTI-TUBERCULAR"
"Pyrazinamide","15.00","Tab 500 mg (10s strip)","ANTI-TUBERCULAR"
"Amikacin","150.00","Injection 500 mg (Single Vial)","ANTIBACTERIALS"
"Gentamicin","10.00","Injection 40 mg/ml (2ml Ampoule)","ANTIBACTERIALS"
"Acyclovir","30.00","Tab 400 mg (10s strip)","ANTIVIRAL"
"Oseltamivir","150.00","Cap 75 mg (10s strip)","ANTIVIRAL"
"Lamivudine","100.00","Tab 150 mg (10s strip)","ANTIVIRAL/HIV"
"Dolutegravir","300.00","Tab 50 mg (30s strip)","ANTIVIRAL/HIV"
"Zidovudine","50.00","Tab 300 mg (10s strip)","ANTIVIRAL/HIV"
"Paracetamol + Codeine","25.00","Tab [500mg+30mg] (10s strip)","ANALGESIC"
"Pethidine","100.00","Injection 50 mg/ml (2ml Ampoule)","OPIOID ANALGESICS"
"Morphine","70.00","Injection 2 mg/ml (2ml Ampoule)","OPIOID ANALGESICS "
"Fentanyl","120.00","Injection 50 mcg/ml (2ml Ampoule)","OPIOID ANALGESICS "
"Indomethacin","15.00","Cap 25 mg (10s strip)","NSAID/ANALGESIC"
"Naproxen","20.00","Tab 250 mg (10s strip)","NSAID/ANALGESIC"
"Piroxicam","12.00","Cap 20 mg (10s strip)","NSAID/ANALGESIC"
"Meloxicam","18.00","Tab 15 mg (10s strip)","NSAID/ANALGESIC"
"Celecoxib","35.00","Cap 200 mg (10s strip)","NSAID/COX-2 INHIBITOR"
"Etoricoxib","50.00","Tab 90 mg (10s strip)","NSAID/COX-2 INHIBITOR "
"Misoprostol","40.00","Tab 200 mcg (10s strip)","GASTROPROTECTIVE"
"Sucralfate","70.00","Suspension (100ml Bottle)","GASTROPROTECTIVE"
"Bismuth Subsalicylate","30.00","Tab 262 mg (10s strip)","ANTI-DIARRHOEAL"
"Psyllium Husk","150.00","Powder (100gm Jar)","LAXATIVE/FIBRE"
"Methylprednisolone","30.00","Tab 4 mg (10s strip)","STEROID"
"Triamcinolone","40.00","Cream 0.1% (15gm Tube)","STEROID/TOPICAL"
"Betamethasone","5.00","Cream 0.1% (15gm Tube)","STEROID/TOPICAL"
"Clotrimazole","25.00","Cream 1% (15gm Tube)","ANTIFUNGAL/TOPICAL"
"Miconazole","28.00","Cream 2% (15gm Tube)","ANTIFUNGAL/TOPICAL"
"Permethrin","60.00","Lotion 5% (60ml Bottle)","ANTISCABIES"
"Calamine Lotion","40.00","Lotion (100ml Bottle)","DERMATOLOGICAL"
"Salicylic Acid","30.00","Ointment 5% (15gm Tube)","KERATOLYTIC"
"Coal Tar","45.00","Shampoo (100ml Bottle)","DERMATOLOGICAL"
"Minoxidil","180.00","Solution 5% (60ml Bottle)","HAIR GROWTH"
"Finasteride","50.00","Tab 1 mg (10s strip)","HAIR GROWTH"
"Tretinoin","30.00","Cream 0.025% (15gm Tube)","ANTI-ACNE"
"Benzoyl Peroxide","35.00","Gel 5% (15gm Tube)","ANTI-ACNE"
"Erythromycin","30.00","Ointment 2% (15gm Tube)","ANTIBACTERIAL/TOPICAL"
"Silver Sulfadiazine","50.00","Cream 1% (50gm Tube)","BURN TREATMENT"
"Dextromethorphan","40.00","Syrup (100ml Bottle)","COUGH SUPPRESSANT"
"Guaifenesin","35.00","Syrup (100ml Bottle)","EXPECTORANT"
"Pseudoephedrine","15.00","Tab 60 mg (10s strip)","DECONGESTANT"
"Oxymetazoline","20.00","Nasal Spray 0.05% (10ml)","DECONGESTANT"
"Allergy Relief Tab (Levocetirizine)","8.00","Tab 5 mg (10s strip)","ANTIHISTAMINE"
"Sinus Relief Tab (Pseudoephedrine/Paracetamol)","18.00","Tab (10s strip)","DECONGESTANT/ANALGESIC"
"Diphenhydramine","10.00","Tab 25 mg (10s strip)","ANTIHISTAMINE/SEDATIVE"
"Promethazine","12.00","Tab 25 mg (10s strip)","ANTIHISTAMINE/ANTIEMETIC"
"Ephedrine","30.00","Tab 25 mg (10s strip)","BRONCHODILATOR"
"Theophylline","25.00","Tab 200 mg (10s strip)","BRONCHODILATOR"
"Ipratropium Bromide","70.00","Inhaler (200D)","BRONCHODILATOR"
"Tiotropium","150.00","Capsule for Inhalation (10s)","BRONCHODILATOR"
"Formoterol","90.00","Capsule for Inhalation (10s)","BRONCHODILATOR"
"Budesonide","120.00","Inhaler (200D)","ANTI-ASTHMATIC"
"Fexofenadine","20.00","Tab 180 mg (10s strip)","ANTIHISTAMINE"
"Rupatadine","25.00","Tab 10 mg (10s strip)","ANTIHISTAMINE "
"Ebastine","15.00","Tab 10 mg (10s strip)","ANTIHISTAMINE "
"Desloratadine","12.00","Tab 5mg (10s strip)","ANTIHISTAMINE "
"Olopatadine","30.00","Tab 5 mg (10s strip)","ANTIHISTAMINE "
"Ramipril","18.00","Tab 5 mg (10s strip)","ANTI-HYPERTENSIVE"
"Telmisartan","25.00","Tab 40 mg (10s strip)","ANTI-HYPERTENSIVE"
"Valsartan","40.00","Tab 80 mg (10s strip)","ANTI-HYPERTENSIVE"
"Hydralazine","20.00","Tab 25 mg (10s strip)","ANTI-HYPERTENSIVE"
"Clonidine","10.00","Tab 0.1 mg (10s strip)","ANTI-HYPERTENSIVE"
"Nifedipine","15.00","Tab 10 mg (10s strip)","CALCIUM CHANNEL BLOCKER"
"Verapamil","25.00","Tab 80 mg (10s strip)","CALCIUM CHANNEL BLOCKER"
"Diltiazem","20.00","Tab 30 mg (10s strip)","CALCIUM CHANNEL BLOCKER"
"Nitroglycerin","10.00","Sublingual Tab 0.5 mg (10s strip)","VASODILATOR"
"Isosorbide Mononitrate","15.00","Tab 20 mg (10s strip)","VASODILATOR"
"Digoxin","10.00","Tab 0.25 mg (10s strip)","CARDIAC GLYCOSIDE"
"Amiodarone","50.00","Tab 200 mg (10s strip)","ANTIARRHYTHMIC"
"Flecainide","45.00","Tab 100 mg (10s strip)","ANTIARRHYTHMIC"
"Propafenone","60.00","Tab 150 mg (10s strip)","ANTIARRHYTHMIC"
"Sotalol","25.00","Tab 80 mg (10s strip)","BETA-BLOCKER/ANTIARRHYTHMIC"
"Rosuvastatin","30.00","Tab 10 mg (10s strip)","LIPID-LOWERING AGENT"
"Fenofibrate","25.00","Cap 160 mg (10s strip)","LIPID-LOWERING AGENT"
"Gemfibrozil","20.00","Tab 600 mg (10s strip)","LIPID-LOWERING AGENT"
"Ezetimibe","40.00","Tab 10 mg (10s strip)","LIPID-LOWERING AGENT"
"Heparin","180.00","Injection 5000 IU/ml (1ml Ampoule)","ANTICOAGULANT"
"Enoxaparin","350.00","Injection 40 mg (Pre-filled Syringe)","ANTICOAGULANT"
"Rivaroxaban","150.00","Tab 10 mg (10s strip)","ANTICOAGULANT"
"Dabigatran","200.00","Cap 110 mg (10s strip)","ANTICOAGULANT"
"Aspirin","5.00","Tab 75 mg (10s strip)","ANTIPLATELET"
"Ticagrelor","80.00","Tab 90 mg (10s strip)","ANTIPLATELET"
"Ticlopidine","35.00","Tab 250 mg (10s strip)","ANTIPLATELET"
"Metoprolol","15.00","Tab 50 mg (10s strip)","BETA-BLOCKER"
"Carvedilol","20.00","Tab 12.5 mg (10s strip)","BETA-BLOCKER"
"Bisoprolol","18.00","Tab 5 mg (10s strip)","BETA-BLOCKER"
"Doxazosin","25.00","Tab 4 mg (10s strip)","ALPHA-BLOCKER"
"Terazosin","20.00","Tab 2 mg (10s strip)","ALPHA-BLOCKER"
"Prazosin","10.00","Tab 1 mg (10s strip)","ALPHA-BLOCKER"
"Tamsulosin","40.00","Cap 0.4 mg (10s strip)","BPH AGENT"
"Finasteride (BPH)","70.00","Tab 5 mg (10s strip)","BPH AGENT"
"Dutasteride","90.00","Cap 0.5 mg (10s strip)","BPH AGENT"
"Oxybutynin","20.00","Tab 5 mg (10s strip)","URINARY ANTISPASMODIC"
"Tolterodine","35.00","Tab 2 mg (10s strip)","URINARY ANTISPASMODIC"
"Desmopressin","120.00","Tab 0.1 mg (10s strip)","ANTI-DIURETIC"
"Metoclopramide","10.00","Tab 10 mg (10s strip)","PROKINETIC"
"Cisapride","30.00","Tab 10 mg (10s strip)","PROKINETIC"
"Mosapride","45.00","Tab 5 mg (10s strip)","PROKINETIC"
"Pantoprazole","20.00","Tab 40 mg (10s strip)","ANTI-ULCER/PPI"
"Lansoprazole","18.00","Cap 30 mg (10s strip)","ANTI-ULCER/PPI"
"Rabeprazole","25.00","Tab 20 mg (10s strip)","ANTI-ULCER/PPI"
"Famotidine","10.00","Tab 20 mg (10s strip)","H2 BLOCKER"
"Cimetidine","8.00","Tab 400 mg (10s strip)","H2 BLOCKER"
"Ursodeoxycholic Acid","90.00","Cap 300 mg (10s strip)","GALLSTONE DISSOLUTION"
"Pancreatin","150.00","Cap (10s strip)","ENZYME REPLACEMENT"
"Insulin Glargine","450.00","Injection (3ml Pen)","ANTI-DIABETIC"
"Insulin Aspart","400.00","Injection (3ml Pen)","ANTI-DIABETIC"
"Sitagliptin","120.00","Tab 50 mg (10s strip)","ANTI-DIABETIC"
"Vildagliptin","100.00","Tab 50 mg (10s strip)","ANTI-DIABETIC"
"Dapagliflozin","150.00","Tab 10 mg (10s strip)","ANTI-DIABETIC"
"Empagliflozin","180.00","Tab 10 mg (10s strip)","ANTI-DIABETIC"
"Dexamethasone","4.00","Tab 0.5 mg (10s strip)","STEROID "
"Fluticasone","100.00","Nasal Spray 50mcg/puff (120D)","STEROID/NASAL"
"Mometasone","120.00","Nasal Spray 50mcg/puff (120D)","STEROID/NASAL"
"Clonazepam","15.00","Tab 0.5 mg (10s strip)","ANTIEPILEPTIC/ANXIOLYTIC"
"Lorazepam","10.00","Tab 1 mg (10s strip)","ANTIEPILEPTIC/ANXIOLYTIC "
"Midazolam","50.00","Injection 5 mg/ml (2ml Ampoule)","SEDATIVE"
"Zolpidem","25.00","Tab 10 mg (10s strip)","HYPNOTIC"
"Escitalopram","30.00","Tab 10 mg (10s strip)","ANTIDEPRESSANT"
"Venlafaxine","40.00","Cap 75 mg (10s strip)","ANTIDEPRESSANT"
"Duloxetine","50.00","Cap 30 mg (10s strip)","ANTIDEPRESSANT"
"Quetiapine","40.00","Tab 25 mg (10s strip)","ANTIPSYCHOTIC"
"Olanzapine","55.00","Tab 5 mg (10s strip)","ANTIPSYCHOTIC"
"Clozapine","30.00","Tab 100 mg (10s strip)","ANTIPSYCHOTIC"
"Biperiden","10.00","Tab 2 mg (10s strip)","ANTIPARKINSONIAN"
"Levodopa + Carbidopa","40.00","Tab [250mg+25mg] (10s strip)","ANTIPARKINSONIAN"
"Ropinirole","60.00","Tab 0.5 mg (10s strip)","ANTIPARKINSONIAN"
"Memantine","75.00","Tab 10 mg (10s strip)","ANTI-ALZHEIMER'S"
"Donepezil","65.00","Tab 5 mg (10s strip)","ANTI-ALZHEIMER'S"
"Naproxen","20.00","Tab 250 mg (10s strip)","NSAID/ANALGESIC"
"Cefuroxime","80.00","Tab 500 mg (10s strip)","ANTIBACTERIALS"
"Erythromycin","30.00","Tab 250 mg (10s strip)","ANTIBACTERIALS"
"Clarithromycin","60.00","Tab 500 mg (10s strip)","ANTIBACTERIALS"
"Ceftazidime","180.00","Injection 1gm (Single Vial)","ANTIBACTERIALS"
"Meropenem","500.00","Injection 1gm (Single Vial)","ANTIBACTERIALS"
"Aztreonam","250.00","Injection 1gm (Single Vial)","ANTIBACTERIALS"
"Polymyxin B","300.00","Injection 500,000 IU (Single Vial)","ANTIBACTERIALS"
"Colistin","400.00","Injection 2 million IU (Single Vial)","ANTIBACTERIALS"
"Ciclopirox","40.00","Cream 1% (15gm Tube)","ANTIFUNGAL/TOPICAL"
"Terbinafine","50.00","Cream 1% (15gm Tube)","ANTIFUNGAL/TOPICAL"
"Ketoconazole","35.00","Shampoo 2% (100ml Bottle)","ANTIFUNGAL/TOPICAL"
"Griseofulvin","25.00","Tab 250 mg (10s strip)","ANTIFUNGAL "
"Nystatin","20.00","Oral Suspension (30ml Bottle)","ANTIFUNGAL"
"Amphotericin B","400.00","Injection 50 mg (Single Vial)","ANTIFUNGAL"
"Voriconazole","300.00","Tab 200 mg (10s strip)","ANTIFUNGAL"
"Ribavirin","200.00","Tab 200 mg (10s strip)","ANTIVIRAL"
"Sofosbuvir","1500.00","Tab 400 mg (10s strip)","ANTIVIRAL/HEP C"
"Daclatasvir","900.00","Tab 60 mg (10s strip)","ANTIVIRAL/HEP C"
"Lamivudine + Tenofovir","180.00","Tab (30s strip)","ANTIVIRAL/HIV"
"Efavirenz","100.00","Tab 600 mg (30s strip)","ANTIVIRAL/HIV"
"Abacavir","150.00","Tab 300 mg (30s strip)","ANTIVIRAL/HIV"
"Raltegravir","250.00","Tab 400 mg (30s strip)","ANTIVIRAL/HIV"
"Cabergoline","80.00","Tab 0.5 mg (10s strip)","DOPAMINE AGONIST"
"Bromocriptine","40.00","Tab 2.5 mg (10s strip)","DOPAMINE AGONIST"
"Ergometrine","20.00","Injection 0.2 mg/ml (1ml Ampoule)","UTERINE STIMULANT"
"Oxytocin","15.00","Injection 10 IU/ml (1ml Ampoule)","UTERINE STIMULANT"
"Misoprostol","40.00","Tab 25 mcg (10s strip)","UTERINE STIMULANT"
"Clomiphene","40.00","Tab 50 mg (10s strip)","FERTILITY AGENT"
"Letrozole","50.00","Tab 2.5 mg (10s strip)","FERTILITY AGENT/ANTI-ESTROGEN"
"Testosterone","250.00","Injection 250 mg/ml (1ml Ampoule)","HORMONE/ANDROGEN"
"Estradiol","30.00","Tab 2 mg (10s strip)","HORMONE/ESTROGEN"
"Progesterone","40.00","Cap 100 mg (10s strip)","HORMONE/PROGESTIN"
"Ethinyl Estradiol + Levonorgestrel","10.00","Tab (21s strip)","CONTRACEPTIVE"
"Levonorgestrel (Emergency)","15.00","Tab 1.5 mg (Single Dose)","CONTRACEPTIVE"
"Tamoxifen","30.00","Tab 20 mg (10s strip)","ANTI-ESTROGEN/CHEMO"
"Anastrozole","90.00","Tab 1 mg (10s strip)","ANTI-ESTROGEN/CHEMO"
"Cisplatin","200.00","Injection 50 mg (Single Vial)","CHEMOTHERAPY"
"Paclitaxel","600.00","Injection 100 mg (Single Vial)","CHEMOTHERAPY"
"Doxorubicin","150.00","Injection 50 mg (Single Vial)","CHEMOTHERAPY"
"Cyclophosphamide","80.00","Tab 50 mg (10s strip)","CHEMOTHERAPY"
"5-Fluorouracil","100.00","Cream 5% (20gm Tube)","CHEMOTHERAPY/TOPICAL"
"Folic Acid","5.00","Tab 5 mg (10s strip)","HEMATINIC"
"Cyanocobalamin (Vit B12)","10.00","Injection 1000mcg/ml (1ml Ampoule)","HEMATINIC"
"Ferrous Sulfate","10.00","Tab 325 mg (10s strip)","HEMATINIC"
"Epoetin Alfa","350.00","Injection 4000 IU (Pre-filled Syringe)","HEMATINIC"
"Filgrastim","400.00","Injection 300 mcg (Single Vial)","HEMATINIC"
"Albumin","600.00","Injection 20% (50ml Vial)","BLOOD PRODUCT"
"Dextran","150.00","Injection 6% (500ml Bottle)","PLASMA EXPANDER"
"Sodium Chloride","20.00","Injection 0.9% (100ml Bag)","INTRAVENOUS FLUID"
"Glucose","15.00","Injection 5% (100ml Bag)","INTRAVENOUS FLUID"
"Ringer's Lactate","25.00","Injection (100ml Bag)","INTRAVENOUS FLUID"
"Potassium Chloride","25.00","Injection 2 mEq/ml (10ml Ampoule)","ELECTROLYTE"
"Magnesium Sulfate","15.00","Injection 50% (2ml Ampoule)","ELECTROLYTE"
"Sodium Bicarbonate","10.00","Injection 8.4% (10ml Ampoule)","ELECTROLYTE"
"Calcium Gluconate","15.00","Injection 10% (10ml Ampoule)","ELECTROLYTE"
"Mannitol","60.00","Injection 20% (100ml Bottle)","OSMOTIC DIURETIC"
"Hydrocortisone","40.00","Injection 100 mg (Single Vial)","STEROID/EMERGENCY"
"Adrenaline (Epinephrine)","10.00","Injection 1:1000 (1ml Ampoule)","EMERGENCY/VASOPRESSOR"
"Norepinephrine","150.00","Injection 4 mg/ml (4ml Ampoule)","VASOPRESSOR"
"Dopamine","80.00","Injection 40 mg/ml (5ml Ampoule)","VASOPRESSOR"
"Atropine","5.00","Injection 1 mg/ml (1ml Ampoule)","ANTIARRHYTHMIC/ANTICHOLINERGIC"
"Lidocaine (Lignocaine)","10.00","Injection 2% (20ml Vial)","ANTIARRHYTHMIC/ANAESTHETIC "
"Amiodarone","50.00","Injection 50 mg/ml (3ml Ampoule)","ANTIARRHYTHMIC"
"Verapamil","25.00","Injection 5 mg/2ml (2ml Ampoule)","ANTIARRHYTHMIC"
"Adenosine","80.00","Injection 6 mg/2ml (2ml Ampoule)","ANTIARRHYTHMIC"
"Dobutamine","100.00","Injection 250 mg (20ml Vial)","INOTROPE"
"Milrinone","150.00","Injection 10 mg (10ml Ampoule)","INOTROPE"
"Nitroprusside","200.00","Injection 50 mg (Single Vial)","ANTI-HYPERTENSIVE/EMERGENCY"
"Labetalol","50.00","Injection 5 mg/ml (20ml Vial)","ANTI-HYPERTENSIVE/EMERGENCY"
"Enalaprilat","40.00","Injection 1.25 mg/ml (2ml Ampoule)","ANTI-HYPERTENSIVE/EMERGENCY"
"Nicardipine","90.00","Injection 2.5 mg/ml (10ml Ampoule)","ANTI-HYPERTENSIVE/EMERGENCY"
"Clopidogrel","30.00","Tab 75 mg (10s strip)","ANTIPLATELET"
"Ticagrelor","80.00","Tab 90 mg (10s strip)","ANTIPLATELET"
"Abciximab","1500.00","Injection 10 mg (5ml Vial)","ANTIPLATELET"
"Metformin + Glimepiride","25.00","Tab (10s strip)","ANTI-DIABETIC "
"Metformin + Pioglitazone","30.00","Tab (10s strip)","ANTI-DIABETIC"
"Vildagliptin + Metformin","150.00","Tab (10s strip)","ANTI-DIABETIC"
"Dapagliflozin + Metformin","180.00","Tab (10s strip)","ANTI-DIABETIC"
"Atorvastatin + Aspirin","35.00","Cap (10s strip)","LIPID-LOWERING/ANTIPLATELET "
"Rosuvastatin + Aspirin","45.00","Cap (10s strip)","LIPID-LOWERING/ANTIPLATELET"
"Amlodipine + Atenolol","20.00","Tab (10s strip)","ANTI-HYPERTENSIVE"
"Telmisartan + Hydrochlorothiazide","35.00","Tab (10s strip)","ANTI-HYPERTENSIVE/DIURETIC"
"Ramipril + Hydrochlorothiazide","25.00","Tab (10s strip)","ANTI-HYPERTENSIVE/DIURETIC"
"Lisinopril + Amlodipine","22.00","Tab (10s strip)","ANTI-HYPERTENSIVE"
"Amoxycillin + Clavulanic Acid","80.00","Tab [500mg+125mg] (6s strip)","ANTIBACTERIALS "
"Ceftriaxone + Sulbactam","200.00","Injection [1gm+500mg] (Single Vial)","ANTIBACTERIALS"
"Piperacillin + Tazobactam","400.00","Injection [4gm+500mg] (Single Vial)","ANTIBACTERIALS"
"Amikacin + Lidocaine","160.00","Injection (Single Vial)","ANTIBACTERIALS/ANAESTHETIC"
"Metronidazole + Ciprofloxacin","30.00","Tab (10s strip)","ANTIBACTERIALS"
"Ofloxacin + Ornidazole","35.00","Tab (10s strip)","ANTIBACTERIALS"
"Paracetamol + Diclofenac","15.00","Tab (10s strip)","ANALGESIC/NSAID"
"Paracetamol + Tramadol","20.00","Tab (10s strip)","ANALGESIC/OPIOID"
"Codeine + Promethazine","60.00","Syrup (100ml Bottle)","COUGH/ANTIHISTAMINE"
"Salbutamol + Theophylline","30.00","Tab (10s strip)","BRONCHODILATOR"
"Budesonide + Formoterol","180.00","Inhaler (120D)","ANTI-ASTHMATIC"
"Fluticasone + Salmeterol","220.00","Inhaler (120D)","ANTI-ASTHMATIC"
"Levocetirizine + Montelukast","30.00","Tab (10s strip)","ANTIHISTAMINE/ANTI-ASTHMATIC"
"Dextromethorphan + Chlorpheniramine","50.00","Syrup (100ml Bottle)","COUGH/COLD"
"Guaifenesin + Bromhexine","45.00","Syrup (100ml Bottle)","EXPECTORANT"
"Dicyclomine + Paracetamol","15.00","Tab (10s strip)","ANTISPASMODIC/ANALGESIC"
"Ranitidine + Domperidone","12.00","Tab (10s strip)","H2 BLOCKER/PROKINETIC"
"Pantoprazole + Domperidone","25.00","Cap (10s strip)","PPI/PROKINETIC"
"Omeprazole + Domperidone","18.00","Cap (10s strip)","PPI/PROKINETIC "
"Magnesium Hydroxide + Simethicone + Oxetacaine","60.00","Gel (170ML Bottle)","ANTACID/TOPICAL ANAESTHETIC "
"Calcium + Vitamin D3 + Zinc","50.00","Tab (15s strip)","NUTRITIONAL SUPPLEMENT"
"Iron + Folic Acid + B12","20.00","Tab (10s strip)","HEMATINIC"
"Multivitamin + Antioxidants","40.00","Cap (10s strip)","NUTRITIONAL SUPPLEMENT"
"Glucosamine + Chondroitin","150.00","Tab (10s strip)","OSTEOARTHRITIS"
"Diacerein","100.00","Cap 50 mg (10s strip)","OSTEOARTHRITIS "
"Probiotics (Lactobacillus)","25.00","Cap (10s strip)","G.I. FLORA"
"Isabgol (Psyllium)","100.00","Powder (100gm Jar)","LAXATIVE/FIBRE"
"Svarjiksara + Nimbukamlam","20.00","Powder 5g Sachet","ANTACID "
"Svarjiksara + Nimbukamlam (Jeera)","22.00","Powder 5g Sachet","ANTACID "
"Aloe Vera Gel (Pure)","50.00","Gel (100gm Tube)","PERSONAL CARE "
"Tea Tree Oil","90.00","Oil (15ml Bottle)","PERSONAL CARE"
"Mosquito Roll On","46.50","10ml Pack","PERSONAL CARE [4]"
"Madhukar Honey","30.00","50gm container","FOOD/WELLNESS [4]"
"Smarty Man 50+","560.00","Softgel Cap (10s strip)","Nutritional Support / Geriatric Wellness [4]"
"Smarty Woman","560.00","Softgel Cap (10s strip)","Nutritional Support / Hormonal Wellness [4]"
"Ascorbic Acid (Vitamin C)","10.00","Tab 500 mg (10s strip)","NUTRITIONAL SUPPLEMENT"
"Calcium Carbonate","30.00","Tab 500 mg (10s strip)","NUTRITIONAL SUPPLEMENT"
"Magnesium Oxide","15.00","Tab 400 mg (10s strip)","NUTRITIONAL SUPPLEMENT"
"Potassium Citrate","35.00","Tab 10 mEq (10s strip)","ELECTROLYTE"
"Zinc Sulfate","15.00","Syrup (100ml Bottle)","NUTRITIONAL SUPPLEMENT"
"Selenium","20.00","Tab 100 mcg (10s strip)","NUTRITIONAL SUPPLEMENT"
"Chromium Picolinate","25.00","Tab 200 mcg (10s strip)","NUTRITIONAL SUPPLEMENT"
"L-Carnitine","80.00","Tab 500 mg (10s strip)","AMINO ACID/SUPPLEMENT"
"Coenzyme Q10","120.00","Cap 100 mg (10s strip)","NUTRITIONAL SUPPLEMENT"
"Alpha Lipoic Acid","60.00","Tab 300 mg (10s strip)","ANTIOXIDANT/SUPPLEMENT"
"Ginseng","45.00","Cap (10s strip)","HERBAL SUPPLEMENT"
"Ginkgo Biloba","55.00","Tab 60 mg (10s strip)","HERBAL SUPPLEMENT"
"Saw Palmetto","70.00","Cap 320 mg (10s strip)","HERBAL SUPPLEMENT/BPH"
"Milk Thistle","50.00","Cap 150 mg (10s strip)","HERBAL SUPPLEMENT"
"Curcumin","40.00","Cap 500 mg (10s strip)","HERBAL SUPPLEMENT"
"Garlic Oil","20.00","Cap (10s strip)","HERBAL SUPPLEMENT"
"Fish Oil (Omega-3)","60.00","Softgel Cap (10s strip)","NUTRITIONAL SUPPLEMENT"
"Whey Protein Isolate","1500.00","Powder (1kg Jar)","FITNESS/NUTRITION"
"Creatine Monohydrate","700.00","Powder (250gm Jar)","FITNESS/NUTRITION"
"BCAA (Amino Acids)","900.00","Powder (200gm Jar)","FITNESS/NUTRITION"
"L-Glutamine","500.00","Powder (200gm Jar)","FITNESS/NUTRITION"
"Protein Powder (Diabetic)","800.00","Powder (200gm Jar)","FITNESS/NUTRITION"
"Electrolyte Powder (ORS)","20.00","Sachet (Single Dose)","REHYDRATION"
"Oral Rehydration Solution (ORS)","40.00","Liquid (200ml Bottle)","REHYDRATION"
"Disposable Syringe","5.00","3ml (Single Unit)","MEDICAL DEVICE"
"Cotton Swabs","15.00","Pack of 100","FIRST AID"
"Adhesive Bandage","20.00","Box of 10","FIRST AID"
"Gauze Roll","30.00","Roll 10cm x 3m","FIRST AID"
"Surgical Tape","15.00","Roll 1 inch","FIRST AID"
"Digital Thermometer","150.00","Single Unit","MEDICAL DEVICE"
"Blood Pressure Monitor (Manual)","800.00","Single Unit","MEDICAL DEVICE"
"Glucometer Strips","400.00","Box of 50","DIABETES CARE"
"Lancets","100.00","Box of 100","DIABETES CARE"
"Diabetic Socks","150.00","Pair","DIABETES CARE"
"Compression Stockings","300.00","Pair","MEDICAL DEVICE"
"Neck Collar","250.00","Single Unit","ORTHOPEDIC SUPPORT"
"Knee Cap","150.00","Pair","ORTHOPEDIC SUPPORT"
"Ankle Support","120.00","Single Unit","ORTHOPEDIC SUPPORT"
"Lumbosacral Belt","450.00","Single Unit","ORTHOPEDIC SUPPORT"
"Walker (Simple)","1800.00","Single Unit","MEDICAL DEVICE"
"Crutches (Adjustable)","1000.00","Pair","MEDICAL DEVICE"
"Wheelchair (Standard)","4500.00","Single Unit","MEDICAL DEVICE"
"Nebulizer Machine","1200.00","Single Unit","RESPIRATORY CARE"
"Vaporizer","350.00","Single Unit","RESPIRATORY CARE"
"Pulse Oximeter","500.00","Single Unit","MEDICAL DEVICE"
"Face Mask (Surgical)","5.00","Single Unit","PERSONAL CARE"
"Hand Sanitizer","50.00","100ml Bottle","PERSONAL CARE"
"Rubbing Alcohol (Isopropyl)","40.00","100ml Bottle","FIRST AID"
"Witch Hazel","60.00","100ml Bottle","PERSONAL CARE"
"Petroleum Jelly","30.00","50gm Jar","PERSONAL CARE"
"Lip Balm","15.00","Stick","PERSONAL CARE"
"Sunscreen (SPF 30)","150.00","50gm Tube","SKIN CARE"
"Moisturizing Cream","80.00","100gm Tube)","SKIN CARE"
"Anti-Dandruff Shampoo","120.00","100ml Bottle","HAIR CARE"
"Hair Oil (Amla)","80.00","100ml Bottle","HAIR CARE"
"Herbal Toothpaste","40.00","100gm Tube","ORAL CARE"
"Mouthwash (Regular)","70.00","100ml Bottle","ORAL CARE"
"Contraceptive Condoms","20.00","Pack of 3","SEXUAL WELLNESS"
"Pregnancy Test Kit","50.00","Single Unit","FEMININE HYGIENE"
"Sanitary Pads","40.00","Pack of 10","FEMININE HYGIENE"
"Diaper (Baby)","10.00","Single Unit","BABY CARE"
"Baby Wipes","50.00","Pack of 72","BABY CARE"
"Baby Shampoo","70.00","100ml Bottle","BABY CARE"
"Baby Oil","60.00","100ml Bottle","BABY CARE"
"Baby Powder","40.00","100gm Container","BABY CARE"
"Cough Drops","10.00","Pack of 10","OTC"
"Throat Lozenges","12.00","Pack of 8","OTC"
"Antacid Tablets","5.00","Tab (10s strip)","OTC"
"Laxative Syrup","60.00","100ml Bottle","OTC"
"Motion Sickness Tab (Dimenhydrinate)","10.00","Tab 50 mg (10s strip)","OTC"
"First Aid Kit (Basic)","300.00","Single Unit","FIRST AID"
"Burn Gel","40.00","25gm Tube","FIRST AID"
"Cold Pack","50.00","Single Unit","FIRST AID"
"Hot Water Bag","150.00","Single Unit","HOME ESSENTIALS"
"Heating Pad (Electric)","500.00","Single Unit","HOME ESSENTIALS"
"Air Freshener","80.00","Spray Can","HOME ESSENTIALS"
"Insect Repellent Spray","70.00","100ml Bottle","HOME ESSENTIALS"
"Mosquito Net","300.00","Single Unit","HOME ESSENTIALS"
"Disposable Gloves","10.00","Pair","PERSONAL CARE"
"Surgical Mask (N95)","50.00","Single Unit","PERSONAL CARE"
"Eye Drops (Tears)","40.00","10ml Bottle","OPHTHALMIC"
"Eye Drops (Antibiotic)","60.00","10ml Bottle","OPHTHALMIC"
"Ear Drops (Wax Removal)","30.00","10ml Bottle","OTIC"
"Ear Drops (Antibiotic)","50.00","10ml Bottle","OTIC"
"Nasal Saline Spray","40.00","50ml Bottle","NASAL CARE"
"Amlodipine + Atorvastatin","40.00","Tab (10s strip)","CARDIOVASCULAR "
"Metformin + Gliclazide","28.00","Tab (10s strip)","ANTI-DIABETIC "
"Pantoprazole + Ciprofloxacin","45.00","Tab (10s strip)","ANTI-ULCER/ANTIBACTERIAL"
"Ambroxol + Levocetirizine","25.00","Syrup (100ml Bottle)","RESPIRATORY/ANTIHISTAMINE"
"Chlorpheniramine + Phenylephrine","15.00","Tab (10s strip)","COLD/ALLERGY"
"Multivitamin + Ginseng","50.00","Cap (10s strip)","NUTRITIONAL SUPPLEMENT"
"Ashwagandha + Safed Musli","60.00","Cap (10s strip)","AYURVEDIC/HERBAL "
"BCAA + L-Glutamine","1000.00","Powder (200gm Jar)","FITNESS/NUTRITION"
"Protein Powder (Weight Gain)","1800.00","Powder (1kg Jar)","FITNESS/NUTRITION"
"Aloe Vera Shampoo","90.00","100ml Bottle","HAIR CARE "
"Vitamin E Oil","70.00","30ml Bottle","SKIN CARE"
"Diabetic Foot Cream","100.00","50gm Tube","DIABETES CARE"
"Diabetic Test Strips (Advanced)","550.00","Box of 50","DIABETES CARE"
"Blood Pressure Monitor (Digital)","1500.00","Single Unit","MEDICAL DEVICE"
"Pulse Oximeter (Advanced)","800.00","Single Unit","MEDICAL DEVICE"
"Nebulizer Kit (Pediatric)","150.00","Single Unit","RESPIRATORY CARE"
"Cervical Pillow","300.00","Single Unit","ORTHOPEDIC SUPPORT"
"Wrist Support","80.00","Single Unit","ORTHOPEDIC SUPPORT"
"Surgical Cotton","20.00","50gm Pack","FIRST AID"
"Antiseptic Wipes","15.00","Pack of 10","FIRST AID"
"Bandage Strips (Waterproof)","30.00","Box of 10","FIRST AID"
"Medical Tape (Hypoallergenic)","25.00","Roll 1 inch","FIRST AID"
"Burn Dressing","70.00","Single Unit","FIRST AID"
"Cold Spray","120.00","100ml Can","FIRST AID"
"Insect Bite Cream","30.00","15gm Tube","HOME ESSENTIALS"
"Air Purifier Filter","600.00","Single Unit","HOME ESSENTIALS"
"Humidifier","1800.00","Single Unit","HOME ESSENTIALS"
"Disposable Face Shields","30.00","Single Unit","PERSONAL CARE"
"Surgical Gown","80.00","Single Unit","PERSONAL CARE"
"Shaving Cream","50.00","100gm Tube","PERSONAL CARE"
"After Shave Lotion","90.00","100ml Bottle","PERSONAL CARE"
"Perfume/Deodorant","150.00","100ml Bottle","PERSONAL CARE"
"Hair Conditioner","100.00","100ml Bottle","HAIR CARE"
"Hair Gel","70.00","100gm Tube","HAIR CARE"
"Acne Face Wash","80.00","100ml Bottle","SKIN CARE"
"Anti-Aging Cream","250.00","50gm Jar","SKIN CARE"
"Lip Gloss","40.00","Stick","PERSONAL CARE"
"Mouth Spray (Breath Freshener)","30.00","10ml Bottle","ORAL CARE"
"Tongue Cleaner","10.00","Single Unit","ORAL CARE"
"Floss Picks","20.00","Pack of 50","ORAL CARE"
"Electric Toothbrush (Handle)","800.00","Single Unit","ORAL CARE"
"Toothbrush Heads (Refill)","150.00","Pack of 2","ORAL CARE"
"Feminine Wash","80.00","100ml Bottle","FEMININE HYGIENE"
"Disposable Underpads","60.00","Pack of 10","FEMININE HYGIENE"
"Adult Diapers","20.00","Single Unit","PERSONAL CARE"
"Baby Lotion","65.00","100ml Bottle","BABY CARE"
"Teething Gel","40.00","10gm Tube","BABY CARE"
"Infant Formula (Stage 1)","350.00","200gm Tin","BABY CARE"
"Cereal (Baby Food)","120.00","100gm Box","BABY CARE"
"Mosquito Coil","20.00","Pack of 10","HOME ESSENTIALS"
"Air Guard Liquid Vaporizer Refill","46.50","10ml Pack","HOME ESSENTIALS [4]"
"Water Purifier Tablets","30.00","Pack of 10","HOME ESSENTIALS"
"Laundry Detergent (Small Pack)","50.00","200gm Box","HOME ESSENTIALS"
"Dish Soap (Small Bottle)","40.00","200ml Bottle","HOME ESSENTIALS"
"Toilet Cleaner (Small Bottle)","50.00","200ml Bottle","HOME ESSENTIALS"
"Glass Cleaner","40.00","200ml Bottle","HOME ESSENTIALS"
"Paper Towels","30.00","Roll","HOME ESSENTIALS"
"Tissues (Box)","40.00","Box of 100","HOME ESSENTIALS"
"Hand Soap (Liquid)","60.00","200ml Bottle","HOME ESSENTIALS"
"Hand Soap (Bar)","20.00","Single Bar","HOME ESSENTIALS"
"Shaving Razor","25.00","Single Disposable","PERSONAL CARE"
"Shaving Blade Refill","40.00","Pack of 2","PERSONAL CARE"
"After Bite Cream","30.00","15gm Tube","FIRST AID"